{"cameraMode":{"drawMode":0,"name":"Shaded","section":"Shading Mode"},"sceneLighting":true,"audioPlay":false,"sceneViewState":{"m_AlwaysRefresh":false,"showFog":true,"showSkybox":true,"showFlares":true,"showImageEffects":true,"showParticleSystems":true,"showVisualEffectGraphs":true,"m_FxEnabled":true},"in2DMode":false,"pivot":{"x":1.8621468544006348,"y":24.635976791381837,"z":-5.193121433258057},"rotation":{"x":-0.042206354439258578,"y":-0.3624606430530548,"z":0.016469737514853479,"w":-0.9311136603355408},"size":1.4873840808868409,"orthographic":false}