{"cameraMode":{"drawMode":0,"name":"Shaded","section":"Shading Mode"},"sceneLighting":true,"audioPlay":false,"sceneViewState":{"m_AlwaysRefresh":false,"showFog":true,"showSkybox":true,"showFlares":true,"showImageEffects":true,"showParticleSystems":true,"showVisualEffectGraphs":true,"m_FxEnabled":true},"in2DMode":false,"pivot":{"x":3.3680996894836427,"y":1.4209033250808716,"z":5.064237117767334},"rotation":{"x":-0.042206354439258578,"y":-0.3624606430530548,"z":0.016469737514853479,"w":-0.9311136603355408},"size":2.441990375518799,"orthographic":false}