{"cameraMode":{"drawMode":0,"name":"Shaded","section":"Shading Mode"},"sceneLighting":false,"audioPlay":false,"sceneViewState":{"m_AlwaysRefresh":false,"showFog":true,"showSkybox":false,"showFlares":true,"showImageEffects":true,"showParticleSystems":true,"showVisualEffectGraphs":true,"m_FxEnabled":true},"in2DMode":false,"pivot":{"x":1.4705300331115723,"y":1.8019272089004517,"z":-3.1351733207702638},"rotation":{"x":0.03776763752102852,"y":-0.03723942115902901,"z":0.0017081631813198329,"w":0.9987003207206726},"size":3.041792154312134,"orthographic":false}