{"cameraMode":{"drawMode":0,"name":"Shaded","section":"Shading Mode"},"sceneLighting":false,"audioPlay":false,"sceneViewState":{"m_AlwaysRefresh":false,"showFog":true,"showSkybox":false,"showFlares":true,"showImageEffects":true,"showParticleSystems":true,"showVisualEffectGraphs":true,"m_FxEnabled":true},"in2DMode":false,"pivot":{"x":0.7912305593490601,"y":2.8968052864074709,"z":-2.812831401824951},"rotation":{"x":0.13004614412784577,"y":0.08048424124717713,"z":-0.01028255932033062,"w":0.9882937073707581},"size":7.075485706329346,"orthographic":false}